{
	"easycom": {
		"^tn-(.*)": "@/tuniao-ui/components/tn-$1/tn-$1.vue",
		"ls-skeleton": "@/components/ls-skeleton/ls-skeleton.nvue"
	},
	"pages": [
		//pages数组中第一项表示应用启动页，参考：https://uniapp.dcloud.io/collocation/pages
		{
			"path": "pages/tabbar/index",
			"style": {
				"navigationBarTitleText": "首页",
				"enablePullDownRefresh": false
			}
		}, {
			"path": "pages/common/article/article",
			"style": {
				"navigationBarTitleText": "文章详情",
				"enablePullDownRefresh": false
			}

		}, {
			"path": "pages/tabbar/circle",
			"style": {
				"navigationBarTitleText": "",
				"enablePullDownRefresh": false
			}

		}, {
			"path": "pages/tabbar/notice",
			"style": {
				"navigationBarTitleText": "",
				"enablePullDownRefresh": false
			},
			"meta": {
				"login": true
			}

		}, {
			"path": "pages/tabbar/mine",
			"style": {
				"navigationBarTitleText": "",
				"enablePullDownRefresh": false
			}

		}, {
			"path": "pages/user/login",
			"style": {
				"navigationBarTitleText": "",
				"enablePullDownRefresh": false
			},
			"meta": {
				"require": true
			}

		}, {
			"path": "pages/tabbar/publish/publish",
			"style": {
				"navigationBarTitleText": "",
				"enablePullDownRefresh": false,
				"backgroundColor": "#f8f7f8"
			},
			"meta": {
				"login": true
			},
			"name": "publish"
		}

		, {
			"path": "pages/common/search/search",
			"style": {
				"navigationBarTitleText": "",
				"enablePullDownRefresh": false
			}

		}, {
			"path": "pages/common/category/category",
			"style": {
				"navigationBarTitleText": "",
				"enablePullDownRefresh": false
			}

		}, {
			"path": "pages/user/profile",
			"style": {
				"navigationBarTitleText": "",
				"enablePullDownRefresh": false
			},
			"meta": {
				"login": true
			}

		},{
			"path": "pages/common/userProfile/userProfile",
			"style": {
				"navigationBarTitleText": "",
				"enablePullDownRefresh": false
			}

		}, {
			"path": "pages/common/chat/chat",
			"style": {
				"navigationBarTitleText": "",
				"enablePullDownRefresh": false
			},
			"meta": {
				"login": true
			}

		}, {
			"path": "pages/user/vip",
			"style": {
				"navigationBarTitleText": "",
				"enablePullDownRefresh": false
			}

		}, {
			"path": "pages/user/noticeDetail/noticeDetail",
			"style": {
				"navigationBarTitleText": "",
				"enablePullDownRefresh": false
			}

		}, {
			"path": "pages/tabbar/publish/searchTag",
			"style": {
				"navigationBarTitleText": "",
				"enablePullDownRefresh": false
			},
			"name": "searchTag"

		}, {
			"path": "pages/user/userFans/userFans",
			"style": {
				"navigationBarTitleText": "",
				"enablePullDownRefresh": false
			}

		}, {
			"path": "pages/common/comments/comments",
			"style": {
				"navigationBarTitleText": "",
				"enablePullDownRefresh": false
			}

		}, {
			"path": "pages/user/setting/setting",
			"style": {
				"navigationBarTitleText": "",
				"enablePullDownRefresh": false
			}

		}, {
			"path": "pages/user/setting/account/account",
			"style": {
				"navigationBarTitleText": "",
				"enablePullDownRefresh": false
			},
			"meta": {
				"login": true
			}

		}, {
			"path": "pages/user/setting/notice/notice",
			"style": {
				"navigationBarTitleText": "",
				"enablePullDownRefresh": false
			}

		}, {
			"path": "pages/user/setting/privacy/privacy",
			"style": {
				"navigationBarTitleText": "",
				"enablePullDownRefresh": false
			}

		}, {
			"path": "pages/user/setting/block/block",
			"style": {
				"navigationBarTitleText": "",
				"enablePullDownRefresh": false
			}

		}, {
			"path": "pages/user/firstLogin/firstLogin",
			"style": {
				"navigationBarTitleText": "",
				"enablePullDownRefresh": false
			}

		}, {
			"path": "pages/user/collect/collect",
			"style": {
				"navigationBarTitleText": "",
				"enablePullDownRefresh": false
			},
			"meta": {
				"login": true
			}

		}, {
			"path": "pages/user/collect/detail",
			"style": {
				"navigationBarTitleText": "",
				"enablePullDownRefresh": false
			}

		},{
			"path": "pages/user/favorite/favorite",
			"style": {
				"navigationBarTitleText": "",
				"enablePullDownRefresh": false
			},
			"meta": {
				"login": true
			}
		}, {
			"path": "pages/user/setting/agreement",
			"style": {
				"navigationBarTitleText": "",
				"enablePullDownRefresh": false
			}
		}, {
			"path": "pages/user/setting/about/about",
			"style": {
				"navigationBarTitleText": "",
				"enablePullDownRefresh": false
			}

		}, {
			"path": "pages/user/collect/create",
			"style": {
				"navigationBarTitleText": "",
				"enablePullDownRefresh": false
			},
			"meta": {
				"login": true
			},
			"name":"collectCreate"

		}
	    ,{
            "path" : "pages/user/setting/account/security",
            "style" :                                                                                    
            {
                "navigationBarTitleText": "",
                "enablePullDownRefresh": false
            }
            
        }
    ],
	"subPackages": [{
		"root": "pagesA",
		"pages": [{
                    "path" : "categories/categories",
                    "style" :                                                                                    
                {
                    "navigationBarTitleText": "",
                    "enablePullDownRefresh": false
                }
                
                }
                ,{
                    "path" : "active/active",
                    "style" :                                                                                    
                {
                    "navigationBarTitleText": "",
                    "enablePullDownRefresh": false
                }
                
                }
                ,{
                    "path" : "history/history",
                    "style" :                                                                                    
                {
                    "navigationBarTitleText": "",
                    "enablePullDownRefresh": false
                }
                
                }
                ,{
                    "path" : "shop/shop",
                    "style" :                                                                                    
                {
                    "navigationBarTitleText": "",
                    "enablePullDownRefresh": false
                }
                
                }
                ,{
                    "path" : "shop/detail",
                    "style" :                                                                                    
                {
                    "navigationBarTitleText": "",
                    "enablePullDownRefresh": false
                }
                
                }
                ,{
                    "path" : "shop/cart",
                    "style" :                                                                                    
                {
                    "navigationBarTitleText": "",
                    "enablePullDownRefresh": false
                }
                
                }
                ,{
                    "path" : "shop/order",
                    "style" :                                                                                    
                {
                    "navigationBarTitleText": "",
                    "enablePullDownRefresh": false
                }
                
                }
            ]
	}],
	"tabBar": {
		"backgroundColor": "#ffffff",
		"color": "#949494",
		"selectedColor": "#29b7cb",
		"fontSize": "16px",
		"list": [{
				"pagePath": "pages/tabbar/index",
				"text": "首页"
			},
			{
				"pagePath": "pages/tabbar/circle",
				"text": "动态"
			},
			{
				"pagePath": "pages/tabbar/notice",
				"text": "消息"
			},
			{
				"pagePath": "pages/tabbar/mine",
				"text": "我的"
			}
		],
		"midButton": {
			// "text": "发布",
			"iconPath": "static/publish.png",
			"iconWidth": "45px",
			"width": "80px",
			"height": "50px"
		}
	},
	"globalStyle": {
		"navigationBarTextStyle": "black",
		"navigationBarTitleText": "uni-app",
		"navigationBarBackgroundColor": "#F8F8F8",
		"backgroundColor": "#F8F7F8",
		"navigationStyle": "custom",
		"app-plus": {
			"animationDuration": 250,
			"bounce": "none",
			"softinputmode": "adjustResize"
		}
	},
	"condition": {
		//模式配置，仅开发期间生效
		"current": 0, //当前激活的模式(list 的索引项)
		"list": [{
			"name": "", //模式名称
			"path": "", //启动页面，必选
			"query": "" //启动参数，在页面的onLoad函数里面得到
		}]
	}

}